{"lst_day": {"2000-2": 282.53997802734375, "2000-3": 281.4599914550781, "2000-4": 296.8499755859375, "2000-5": 298.8399963378906, "2000-6": 298.70001220703125, "2000-7": 296.44000244140625, "2000-8": 300.16998291015625, "2000-9": 292.72998046875, "2000-10": 289.8699951171875, "2000-11": 279.95001220703125, "2000-12": 273.30999755859375, "2001-1": 273.0999755859375, "2001-2": 274.969970703125, "2001-3": 280.90997314453125, "2001-4": 289.739990234375, "2001-5": 294.72998046875, "2001-6": 292.29998779296875, "2001-7": 299.7099914550781, "2001-8": 298.45001220703125, "2001-9": 286.72998046875, "2001-10": 290.989990234375, "2001-11": 274.1499938964844, "2001-12": 261.94000244140625, "2002-1": 276.17999267578125, "2002-2": 278.53997802734375, "2002-3": 287.66998291015625, "2002-4": 290.0199890136719, "2002-5": 297.42999267578125, "2002-6": 298.53997802734375, "2002-7": 298.55999755859375, "2002-8": 300.7799987792969, "2002-9": 295.3500061035156, "2002-10": 285.44000244140625, "2002-11": 280.6199951171875, "2002-12": 264.28997802734375, "2003-1": 268.219970703125, "2003-2": 270.22998046875, "2003-3": 280.8999938964844, "2003-4": 292.4599914550781, "2003-5": 296.97998046875, "2003-6": 298.8699951171875, "2003-7": 300.3499755859375, "2003-8": 300.03997802734375, "2003-9": 297.16998291015625, "2003-10": 285.010009765625, "2003-11": 280.3800048828125, "2003-12": 268.92999267578125, "2004-1": 264.25, "2004-2": 268.04998779296875, "2004-3": 279.6000061035156, "2004-4": 288.6399841308594, "2004-5": 293.469970703125, "2004-6": 296.28997802734375, "2004-7": 297.239990234375, "2004-8": 298.3800048828125, "2004-9": 294.28997802734375, "2004-10": 287.3900146484375, "2004-11": 279.44000244140625, "2004-12": 273.83001708984375, "2005-1": 275.92999267578125, "2005-2": 263.20001220703125, "2005-3": 279.1300048828125, "2005-4": 291.54998779296875, "2005-5": 297.33001708984375, "2005-6": 297.5199890136719, "2005-7": 299.8299865722656, "2005-8": 296.510009765625, "2005-9": 295.5899963378906, "2005-10": 286.5899963378906, "2005-11": 278.510009765625, "2005-12": 270.5, "2006-1": 261.6400146484375, "2006-2": 268.53997802734375, "2006-3": 273.19000244140625, "2006-4": 292.8899841308594, "2006-5": 296.17999267578125, "2006-6": 296.510009765625, "2006-7": 302.5199890136719, "2006-8": 297.5299987792969, "2006-9": 295.3699951171875, "2006-10": 290.260009765625, "2006-11": 282.0299987792969, "2006-12": 275.95001220703125, "2007-1": 274.510009765625, "2007-2": 276.3399963378906, "2007-3": 286.1400146484375, "2007-4": 294.04998779296875, "2007-5": 296.02996826171875, "2007-6": 297.6199951171875, "2007-7": 299.80999755859375, "2007-8": 300.92999267578125, "2007-9": 292.719970703125, "2007-10": 285.989990234375, "2007-11": 273.52001953125, "2007-12": 272.8599853515625, "2008-1": 275.3899841308594, "2008-2": 278.9599914550781, "2008-3": 283.54998779296875, "2008-4": 291.5999755859375, "2008-5": 294.92999267578125, "2008-6": 300.3800048828125, "2008-7": 298.760009765625, "2008-8": 299.19000244140625, "2008-9": 293.6300048828125, "2008-10": 288.739990234375, "2008-11": 279.04998779296875, "2008-12": 274.80999755859375, "2009-1": 265.67999267578125, "2009-2": 270.0299987792969, "2009-3": 281.1199951171875, "2009-4": 294.3499755859375, "2009-5": 295.94000244140625, "2009-6": 293.5999755859375, "2009-7": 299.2699890136719, "2009-8": 298.260009765625, "2009-9": 293.94000244140625, "2009-10": 285.82000732421875, "2009-11": 279.95001220703125, "2009-12": 265.760009765625, "2010-1": 259.7099914550781, "2010-2": 271.6300048828125, "2010-3": 286.6099853515625, "2010-4": 291.54998779296875, "2010-5": 292.510009765625, "2010-6": 298.3900146484375, "2010-7": 302.19000244140625, "2010-8": 299.3599853515625, "2010-9": 291.260009765625, "2010-10": 283.9599914550781, "2010-11": 279.8699951171875, "2010-12": 263.69000244140625, "2011-1": 269.8999938964844, "2011-2": 272.32000732421875, "2011-3": 283.510009765625, "2011-4": 293.69000244140625, "2011-5": 295.8399963378906, "2011-6": 297.760009765625, "2011-7": 298.8399963378906, "2011-8": 298.25, "2011-9": 295.3999938964844, "2011-10": 287.8699951171875, "2011-11": 281.6300048828125, "2011-12": 272.5199890136719, "2012-1": 266.8399963378906, "2012-2": 267.8699951171875, "2012-3": 283.47998046875, "2012-4": 293.07000732421875, "2012-5": 298.0999755859375, "2012-6": 299.8699951171875, "2012-7": 300.260009765625, "2012-8": 300.2200012207031, "2012-9": 293.79998779296875, "2012-10": 287.91998291015625, "2012-11": 280.5899963378906, "2012-12": 269.75, "2013-1": 266.1399841308594, "2013-2": 274.6099853515625, "2013-3": 276.67999267578125, "2013-4": 292.70001220703125, "2013-5": 296.29998779296875, "2013-6": 298.2799987792969, "2013-7": 300.1099853515625, "2013-8": 300.78997802734375, "2013-9": 292.7699890136719, "2013-10": 288.66998291015625, "2013-11": 280.47998046875, "2013-12": 276.17999267578125, "2014-1": 273.25, "2014-2": 278.97998046875, "2014-3": 288.5799865722656, "2014-4": 290.8800048828125, "2014-5": 293.9599914550781, "2014-6": 297.3599853515625, "2014-7": 299.65997314453125, "2014-8": 297.3299865722656, "2014-9": 293.52001953125, "2014-10": 288.6099853515625, "2014-11": 283.03997802734375, "2014-12": 274.5199890136719, "2015-1": 274.0899658203125, "2015-2": 274.47998046875, "2015-3": 285.0899963378906, "2015-4": 291.69000244140625, "2015-5": 294.219970703125, "2015-6": 299.2799987792969, "2015-7": 301.7099914550781, "2015-8": 302.9599914550781, "2015-9": 296.29998779296875, "2015-10": 287.5299987792969, "2015-11": 280.41998291015625, "2015-12": 278.57000732421875, "2016-1": 270.32000732421875, "2016-2": 274.95001220703125, "2016-3": 282.489990234375, "2016-4": 291.0799865722656, "2016-5": 295.77001953125, "2016-6": 298.4700012207031, "2016-7": 297.4700012207031, "2016-8": 298.510009765625, "2016-9": 296.2799987792969, "2016-10": 284.97998046875, "2016-11": 283.5, "2016-12": 271.8699951171875, "2017-1": 267.19000244140625, "2017-2": 276.469970703125, "2017-3": 287.1300048828125, "2017-4": 291.3499755859375, "2017-5": 294.5199890136719, "2017-6": 298.82000732421875, "2017-7": 300.2699890136719, "2017-8": 301.3399963378906, "2017-9": 292.1400146484375, "2017-10": 288.28997802734375, "2017-11": 279.69000244140625, "2017-12": 274.03997802734375, "2018-1": 271.1499938964844, "2018-2": 272.22998046875, "2018-3": 277.79998779296875, "2018-4": 295.8499755859375, "2018-5": 298.1400146484375, "2018-6": 301.04998779296875, "2018-7": 299.1099853515625, "2018-8": 300.0999755859375, "2018-9": 294.760009765625, "2018-10": 290.3499755859375, "2018-11": 281.510009765625, "2018-12": 276.3599853515625}, "lst_night": {"2000-2": 273.260009765625, "2000-3": 271.75, "2000-4": 280.3399963378906, "2000-5": 282.3900146484375, "2000-6": 285.67999267578125, "2000-7": 285.1199951171875, "2000-8": 286.82000732421875, "2000-9": 280.77996826171875, "2000-10": 278.19000244140625, "2000-11": 274.42999267578125, "2000-12": 268.8800048828125, "2001-1": 264.6400146484375, "2001-2": 267.17999267578125, "2001-3": 270.6300048828125, "2001-4": 278.6499938964844, "2001-5": 281.82000732421875, "2001-6": 282.3499755859375, "2001-7": 287.8499755859375, "2001-8": 288.05999755859375, "2001-9": 279.95001220703125, "2001-10": 281.3499755859375, "2001-11": 271.54998779296875, "2001-12": 260.30999755859375, "2002-1": 267.6199951171875, "2002-2": 270.9499816894531, "2002-3": 272.5899963378906, "2002-4": 275.0, "2002-5": 284.17999267578125, "2002-6": 286.65997314453125, "2002-7": 288.42999267578125, "2002-8": 287.7799987792969, "2002-9": 282.0899963378906, "2002-10": 276.4599914550781, "2002-11": 273.0, "2002-12": 259.54998779296875, "2003-1": 263.8599853515625, "2003-2": 261.40997314453125, "2003-3": 270.52001953125, "2003-4": 275.19000244140625, "2003-5": 284.92999267578125, "2003-6": 286.41998291015625, "2003-7": 287.91998291015625, "2003-8": 286.44000244140625, "2003-9": 281.55999755859375, "2003-10": 273.3299865722656, "2003-11": 271.80999755859375, "2003-12": 270.0, "2004-1": 259.54998779296875,